[
  {"id":1,"nombre":"Perfume Dior Sauvage","descripcion":"Fragancia fresca y amaderada","precio":350000,"imagen":"img/foto_perfume.webp","categoria":"Perfume"},
  {"id":2,"nombre":"Reloj Rolex Submariner","descripcion":"Reloj de lujo automático","precio":25000000,"imagen":"img/images.jpg","categoria":"Reloj"},
  {"id":3,"nombre":"Perfume Chanel No.5","descripcion":"Perfume icónico y elegante","precio":400000,"imagen":"img/chanel-no5.jpg","categoria":"Perfume"},
  {"id":4,"nombre":"Reloj Casio Edifice","descripcion":"Reloj deportivo con cronómetro","precio":800000,"imagen":"img/casio-edifice.jpg","categoria":"Reloj"},
  {"id":5,"nombre":"Perfume Bleu de Chanel","descripcion":"Aromas cítricos y amaderados","precio":380000,"imagen":"img/bleu-de-chanel.jpg","categoria":"Perfume"}
]